{
  "text": " 외국 관광객분들이 한국에 오기 전부터 본인들이 원하는 여행코스나 체험활동을 하고 싶어하는 업체의 예약을 미리 하고 오는 사이트가 있습니다. 그 사이트에 저희 업체가 등록이 되어 있고 방문하신 고객님들은 그 사이트에 리뷰를 남겨주시기도 합니다. 그 사이트를 보고 한국에 오기 전부터 많은 외국인 고객님들이 예약을 하고 오십니다.",
  "task": "transcribe",
  "language": "Korean",
  "duration": 36.99,
  "segments": [
    {
      "id": 0,
      "seek": 0,
      "start": 0,
      "end": 16.46,
      "text": " 외국 관광객분들이 한국에 오기 전부터 본인들이 원하는 여행코스나 체험활동을 하고 싶어하는 업체의 예약을 미리 하고 오는 사이트가 있습니다.",
      "tokens": [
        50365,
        27357,
        7854,
        21061,
        36074,
        47155,
        167,
        40389,
        21045,
        1517,
        5175,
        2401,
        19617,
        12130,
        19387,
        10574,
        8109,
        13499,
        7116,
        5518,
        12724,
        29872,
        12969,
        3404,
        39667,
        24651,
        6048,
        38667,
        1638,
        10301,
        10785,
        3103,
        7116,
        32892,
        16260,
        2785,
        10134,
        19970,
        1638,
        17472,
        14981,
        10301,
        5175,
        1098,
        4744,
        40547,
        1453,
        10552,
        13,
        51188
      ],
      "temperature": 0,
      "avg_logprob": -0.07869023,
      "compression_ratio": 1.4549357,
      "no_speech_prob": 0.009265739
    },
    {
      "id": 1,
      "seek": 0,
      "start": 16.46,
      "end": 26.24,
      "text": " 그 사이트에 저희 업체가 등록이 되어 있고 방문하신 고객님들은 그 사이트에 리뷰를 남겨주시기도 합니다.",
      "tokens": [
        51188,
        4296,
        4744,
        40547,
        1517,
        14594,
        32892,
        39881,
        15722,
        15016,
        1129,
        41210,
        18683,
        10006,
        37639,
        47022,
        9161,
        47155,
        48035,
        22571,
        4296,
        4744,
        40547,
        1517,
        31427,
        115,
        38220,
        11689,
        19591,
        5836,
        3833,
        19236,
        18802,
        13,
        51677
      ],
      "temperature": 0,
      "avg_logprob": -0.07869023,
      "compression_ratio": 1.4549357,
      "no_speech_prob": 0.009265739
    },
    {
      "id": 2,
      "seek": 2624,
      "start": 26.24,
      "end": 35.48,
      "text": " 그 사이트를 보고 한국에 오기 전부터 많은 외국인 고객님들이 예약을 하고 오십니다.",
      "tokens": [
        50365,
        4296,
        4744,
        1129,
        35078,
        18942,
        21045,
        1517,
        5175,
        2401,
        19617,
        12130,
        18494,
        27357,
        7854,
        4215,
        9161,
        47155,
        48035,
        8109,
        10134,
        19970,
        1638,
        10301,
        5175,
        32061,
        1972,
        13,
        50827
      ],
      "temperature": 0,
      "avg_logprob": -0.02236353,
      "compression_ratio": 1.0088495,
      "no_speech_prob": 0.00096961326
    }
  ],
  "x_groq": {
    "id": "req_01kmpx55q8e37t1w0n474zzbm9"
  }
}