{
  "text": " 그리고 저희 샵의 코스는 한가지로 되어 있지 않고 여러가지 코스로 분류되어 있습니다. 고객분들이 오셔서 두피검사를 통해 본인한테 맞는 코스를 전문적으로 권유해드리고 진단도 해드리기 때문에 다른 곳보다 좀 더 전문적인 관리를 받을 수 있습니다.",
  "task": "transcribe",
  "language": "Korean",
  "duration": 28.99,
  "segments": [
    {
      "id": 0,
      "seek": 0,
      "start": 0,
      "end": 10.56,
      "text": " 그리고 저희 샵의 코스는 한가지로 되어 있지 않고 여러가지 코스로 분류되어 있습니다.",
      "tokens": [
        50365,
        8785,
        14594,
        3694,
        113,
        2785,
        26306,
        7785,
        1098,
        4815,
        26683,
        12888,
        41210,
        37693,
        31157,
        31784,
        26683,
        26306,
        12969,
        1955,
        21735,
        98,
        1894,
        10487,
        3103,
        10552,
        13,
        50893
      ],
      "temperature": 0,
      "avg_logprob": -0.05543599,
      "compression_ratio": 1.4716157,
      "no_speech_prob": 0.00394389
    },
    {
      "id": 1,
      "seek": 0,
      "start": 10.56,
      "end": 27.56,
      "text": " 고객분들이 오셔서 두피검사를 통해 본인한테 맞는 코스를 전문적으로 권유해드리고 진단도 해드리기 때문에 다른 곳보다 좀 더 전문적인 관리를 받을 수 있습니다.",
      "tokens": [
        50893,
        9161,
        47155,
        167,
        40389,
        5175,
        31832,
        11915,
        20701,
        1368,
        222,
        27811,
        17006,
        5302,
        19387,
        4215,
        15863,
        49953,
        26306,
        35967,
        19617,
        8357,
        15078,
        711,
        20353,
        19062,
        14841,
        6300,
        7290,
        5526,
        8605,
        3744,
        11134,
        6300,
        2250,
        2401,
        12365,
        16435,
        25177,
        28804,
        6796,
        6990,
        19617,
        8357,
        17495,
        25201,
        18167,
        12152,
        1638,
        4446,
        10552,
        13,
        51743
      ],
      "temperature": 0,
      "avg_logprob": -0.05543599,
      "compression_ratio": 1.4716157,
      "no_speech_prob": 0.00394389
    }
  ],
  "x_groq": {
    "id": "req_01kmpxrd1jfs8rbvj6ab0krapz"
  }
}