{
  "text": " 샵의 위치가 여행이나 관광 오신 분들이 꼭 방문하시는 핫플레이스인 서면 점포카페 거리의 한복판에 위치해 있기 때문에 헤드스파 후에 쇼핑을 즐기시거나 유명한 관광명소로 이동하기에 지리적 위치가 매우 좋습니다. 이러한 이점도 있고, 이전에 방문하셨던 외국인 관광객분들의 좋은 후기나 리뷰들이 많이 쌓여 있어서 그런 거 보시고 많이 방문을 해주시는 것 같습니다.",
  "task": "transcribe",
  "language": "Korean",
  "duration": 38.78,
  "segments": [
    {
      "id": 0,
      "seek": 0,
      "start": 0,
      "end": 21.76,
      "text": " 샵의 위치가 여행이나 관광 오신 분들이 꼭 방문하시는 핫플레이스인 서면 점포카페 거리의 한복판에 위치해 있기 때문에 헤드스파 후에 쇼핑을 즐기시거나 유명한 관광명소로 이동하기에 지리적 위치가 매우 좋습니다.",
      "tokens": [
        50365,
        3694,
        113,
        2785,
        9491,
        49334,
        5518,
        12724,
        21672,
        21061,
        36074,
        5175,
        7575,
        36029,
        25881,
        10006,
        37639,
        47925,
        1362,
        104,
        8111,
        2457,
        10417,
        28334,
        4215,
        32558,
        2708,
        20060,
        30600,
        30327,
        42031,
        4925,
        7078,
        2785,
        10737,
        32635,
        28306,
        1517,
        9491,
        8464,
        5302,
        48371,
        12365,
        13431,
        2990,
        7087,
        9605,
        234,
        234,
        21638,
        1517,
        451,
        229,
        120,
        38044,
        1638,
        35177,
        2401,
        3833,
        26287,
        22262,
        8792,
        3049,
        21061,
        36074,
        16330,
        17921,
        1955,
        2892,
        8309,
        22700,
        1517,
        12205,
        2250,
        7554,
        9491,
        49334,
        17591,
        7812,
        5008,
        3115,
        13,
        51453
      ],
      "temperature": 0,
      "avg_logprob": -0.08431019,
      "compression_ratio": 1.3227273,
      "no_speech_prob": 0.017979953
    },
    {
      "id": 1,
      "seek": 2176,
      "start": 21.76,
      "end": 37.28,
      "text": " 이러한 이점도 있고, 이전에 방문하셨던 외국인 관광객분들의 좋은 후기나 리뷰들이 많이 쌓여 있어서 그런 거 보시고 많이 방문을 해주시는 것 같습니다.",
      "tokens": [
        50365,
        37398,
        3049,
        41049,
        22983,
        18683,
        11,
        41049,
        226,
        1517,
        10006,
        37639,
        2240,
        44861,
        8092,
        27357,
        7854,
        4215,
        21061,
        36074,
        47155,
        167,
        18912,
        2785,
        16460,
        21638,
        7091,
        3404,
        31427,
        115,
        2004,
        8109,
        8358,
        35792,
        241,
        10558,
        27937,
        9306,
        3675,
        44771,
        1313,
        8358,
        10006,
        37639,
        1638,
        23281,
        18147,
        4431,
        31297,
        13,
        51141
      ],
      "temperature": 0,
      "avg_logprob": -0.068146184,
      "compression_ratio": 1.2058823,
      "no_speech_prob": 0.00033013296
    }
  ],
  "x_groq": {
    "id": "req_01kmpxrca9e4999sdsyhp9066j"
  }
}