{
  "text": " 한류 열풍의 영향으로 방문하기 전부터 한국식 헤드스파를 궁금해하는 외국인들이 굉장히 많습니다. 시술을 받으실 때도 K-뷰티는 최고다, 한국 사람들은 미용기술이 뛰어나다 라는 말을 많이 하시고 굉장히 시원했다, 너무 좋았다, 만족했다라는 말씀들을 해주십니다. 외국인분들은 만족감에 대한 리액션이 한국 사람들보다 매우 크기 때문에 시술하는 저희 입장에서도 기분이 정말 좋습니다.",
  "task": "transcribe",
  "language": "Korean",
  "duration": 34.36,
  "segments": [
    {
      "id": 0,
      "seek": 0,
      "start": 0,
      "end": 9.22,
      "text": " 한류 열풍의 영향으로 방문하기 전부터 한국식 헤드스파를 궁금해하는 외국인들이 굉장히 많습니다.",
      "tokens": [
        50365,
        10737,
        46014,
        41280,
        11055,
        235,
        2785,
        9293,
        24318,
        4130,
        10006,
        37639,
        22700,
        19617,
        12130,
        21045,
        10436,
        13431,
        2990,
        7087,
        9605,
        234,
        29039,
        32886,
        5302,
        7116,
        27357,
        7854,
        10574,
        8109,
        15509,
        5671,
        3115,
        13,
        50826
      ],
      "temperature": 0,
      "avg_logprob": -0.119544074,
      "compression_ratio": 1.3976378,
      "no_speech_prob": 0.027981032
    },
    {
      "id": 1,
      "seek": 0,
      "start": 9.54,
      "end": 22.22,
      "text": " 시술을 받으실 때도 K-뷰티는 최고다, 한국 사람들은 미용기술이 뛰어나다 라는 말을 많이 하시고 굉장히 시원했다, 너무 좋았다, 만족했다라는 말씀들을 해주십니다.",
      "tokens": [
        50842,
        5710,
        21619,
        1638,
        12152,
        10307,
        8323,
        49738,
        591,
        12,
        167,
        33067,
        21081,
        1098,
        36703,
        1235,
        11,
        21045,
        18078,
        22571,
        10795,
        8761,
        2401,
        21619,
        1129,
        44380,
        31134,
        1235,
        49121,
        39692,
        8358,
        3369,
        24303,
        15509,
        5710,
        7573,
        42520,
        11,
        6924,
        5008,
        9106,
        1235,
        11,
        14671,
        21799,
        7077,
        9835,
        13182,
        41112,
        24968,
        23281,
        32061,
        1972,
        13,
        51476
      ],
      "temperature": 0,
      "avg_logprob": -0.119544074,
      "compression_ratio": 1.3976378,
      "no_speech_prob": 0.027981032
    },
    {
      "id": 2,
      "seek": 2222,
      "start": 22.22,
      "end": 34.36,
      "text": " 외국인분들은 만족감에 대한 리액션이 한국 사람들보다 매우 크기 때문에 시술하는 저희 입장에서도 기분이 정말 좋습니다.",
      "tokens": [
        50365,
        27357,
        7854,
        10574,
        18912,
        2124,
        14671,
        21799,
        13664,
        1517,
        23358,
        28227,
        46461,
        18952,
        1129,
        21045,
        39570,
        28804,
        17591,
        7812,
        23130,
        2401,
        12365,
        5710,
        21619,
        7116,
        14594,
        10051,
        4573,
        40963,
        37149,
        1129,
        12793,
        5008,
        3115,
        13,
        50972
      ],
      "temperature": 0,
      "avg_logprob": -0.16861284,
      "compression_ratio": 1.1458334,
      "no_speech_prob": 0.022242412
    }
  ],
  "x_groq": {
    "id": "req_01kmpx56j6eestfxy99pjq7d2z"
  }
}